run_id,task,capability,variant,status,score_percent,success,control_steps,model_decisions,actual_responses,simulator,reused_original
spatial_forcing_fullset1_arrange_largest_number_s0_20260923T063812Z,arrange_largest_number,Generalization,standard,complete,5.0,False,1050,,,Sim6,False
spatial_forcing_fullset1_arrange_largest_number_random_s0_20260923T064402Z,arrange_largest_number_random,Generalization,random,complete,0.0,False,1050,,,Sim6,False
spatial_forcing_sim51_backfill_fold_clothes_s0_20260928T123956Z,fold_clothes,Generalization,standard,complete,100.0,True,292,,,Sim5.1,False
spatial_forcing_sim51_backfill_fold_clothes_random_s0_20260928T124415Z,fold_clothes_random,Generalization,random,complete,0.0,False,500,,,Sim5.1,False
spatial_forcing_fullset1_hang_mugs_s0_20260923T112919Z,hang_mugs,Generalization,standard,complete,0.0,False,800,,,Sim6,False
spatial_forcing_fullset1_hang_mugs_random_s0_20260923T113409Z,hang_mugs_random,Generalization,random,complete,0.0,False,800,,,Sim6,False
spatial_forcing_fullset1_make_toast_s0_20260923T115447Z,make_toast,Generalization,standard,complete,25.0,False,1400,,,Sim6,False
spatial_forcing_fullset1_make_toast_random_s0_20260923T120418Z,make_toast_random,Generalization,random,complete,0.0,False,1400,,,Sim6,False
spatial_forcing_fullset1_pack_objects_into_box_s0_20260923T122308Z,pack_objects_into_box,Generalization,standard,complete,0.0,False,1300,,,Sim6,False
spatial_forcing_fullset1_pack_objects_into_box_random_s0_20260923T122950Z,pack_objects_into_box_random,Generalization,random,complete,100.0,True,798,,,Sim6,False
spatial_forcing_sim51_backfill_pour_liquid_into_cup_s0_20260928T121703Z,pour_liquid_into_cup,Generalization,standard,complete,100.0,True,187,,,Sim5.1,False
spatial_forcing_sim51_backfill_pour_liquid_into_cup_random_s0_20260928T130602Z,pour_liquid_into_cup_random,Generalization,random,complete,0.0,False,400,,,Sim5.1,False
spatial_forcing_fullset1_push_T_s0_20260923T145716Z,push_T,Generalization,standard,complete,0.0,False,600,,,Sim6,False
spatial_forcing_fullset1_push_T_random_s0_20260923T150101Z,push_T_random,Generalization,random,complete,0.0,False,600,,,Sim6,False
spatial_forcing_fullset1_sort_nesting_dolls_by_size_s0_20260923T151222Z,sort_nesting_dolls_by_size,Generalization,standard,complete,0.0,False,1050,,,Sim6,False
spatial_forcing_fullset1_sort_nesting_dolls_by_size_random_s0_20260923T151820Z,sort_nesting_dolls_by_size_random,Generalization,random,complete,0.0,False,1050,,,Sim6,False
spatial_forcing_fullset1_stack_blocks_s0_20260923T152454Z,stack_blocks,Generalization,standard,complete,15.0,False,550,,,Sim6,False
spatial_forcing_fullset1_stack_blocks_random_s0_20260923T153153Z,stack_blocks_random,Generalization,random,complete,0.0,False,550,,,Sim6,False
spatial_forcing_fullset1_stack_bowls_s0_20260923T063248Z,stack_bowls,Generalization,standard,complete,100.0,True,313,,,Sim6,False
spatial_forcing_fullset1_stack_bowls_random_s0_20260923T153607Z,stack_bowls_random,Generalization,random,complete,0.0,False,800,,,Sim6,False
spatial_forcing_fullset1_store_laptop_and_headphones_s0_20260923T154251Z,store_laptop_and_headphones,Generalization,standard,complete,20.0,False,800,,,Sim6,False
spatial_forcing_fullset1_store_laptop_and_headphones_random_s0_20260923T154755Z,store_laptop_and_headphones_random,Generalization,random,complete,20.0,False,800,,,Sim6,False
spatial_forcing_fullset1_sweep_blocks_s0_20260923T160631Z,sweep_blocks,Generalization,standard,complete,0.0,False,1000,,,Sim6,False
spatial_forcing_fullset1_sweep_blocks_random_s0_20260923T161238Z,sweep_blocks_random,Generalization,random,complete,0.0,False,1000,,,Sim6,False
spatial_forcing_fullset1_classify_objects_s0_20260923T065638Z,classify_objects,Long-Horizon,standard,complete,15.0,False,1100,,,Sim6,False
spatial_forcing_fullset1_fill_egg_holder_s0_20260923T111533Z,fill_egg_holder,Long-Horizon,standard,complete,0.0,False,700,,,Sim6,False
spatial_forcing_fullset1_fill_pen_holder_s0_20260923T112032Z,fill_pen_holder,Long-Horizon,standard,complete,10.0,False,1100,,,Sim6,False
spatial_forcing_fullset1_make_kong_s0_20260923T115011Z,make_kong,Long-Horizon,standard,complete,0.0,False,600,,,Sim6,False
spatial_forcing_fullset1_organize_table_s0_20260923T121729Z,organize_table,Long-Horizon,standard,complete,0.0,False,1000,,,Sim6,False
spatial_forcing_fullset1_play_stacking_toy_s0_20260923T124312Z,play_stacking_toy,Long-Horizon,standard,complete,0.0,False,1200,,,Sim6,False
spatial_forcing_fullset1_play_tic_tac_toe_s0_20260923T124948Z,play_tic_tac_toe,Long-Horizon,standard,complete,0.0,False,1100,,,Sim6,False
spatial_forcing_fullset1_put_bottles_into_dustbin_s0_20260923T150512Z,put_bottles_into_dustbin,Long-Horizon,standard,complete,100.0,True,568,,,Sim6,False
spatial_forcing_fullset1_cover_blocks_s0_20260923T070925Z,cover_blocks,Memory,standard,complete,5.0,False,800,,,Sim6,False
spatial_forcing_fullset1_imitate_sorting_sequence_s0_20260923T113928Z,imitate_sorting_sequence,Memory,standard,complete,0.0,False,639,,,Sim6,False
spatial_forcing_fullset1_match_and_pick_from_conveyor_s0_20260923T121253Z,match_and_pick_from_conveyor,Memory,standard,complete,0.0,False,700,,,Sim6,False
spatial_forcing_fullset1_press_by_number_s0_20260923T145234Z,press_by_number,Memory,standard,complete,0.0,False,443,,,Sim6,False
spatial_forcing_fullset1_swap_T_s0_20260923T155836Z,swap_T,Memory,standard,complete,0.0,False,400,,,Sim6,False
spatial_forcing_fullset1_swap_blocks_s0_20260923T160149Z,swap_blocks,Memory,standard,complete,0.0,False,700,,,Sim6,False
spatial_forcing_fullset1_align_blocks_s0_20260923T063544Z,align_blocks,Open,standard,complete,0.0,False,200,,,Sim6,False
spatial_forcing_fullset1_classify_objects_by_language_s0_20260923T070306Z,classify_objects_by_language,Open,standard,complete,0.0,False,1100,,,Sim6,False
spatial_forcing_fullset1_general_pickup_s0_20260923T112645Z,general_pickup,Open,standard,complete,0.0,False,200,,,Sim6,False
spatial_forcing_fullset1_pick_from_conveyor_by_image_s0_20260923T123457Z,pick_from_conveyor_by_image,Open,standard,complete,0.0,False,700,,,Sim6,False
spatial_forcing_sim51_backfill_pour_by_language_s0_20260928T125541Z,pour_by_language,Open,standard,complete,0.0,False,800,,,Sim5.1,False
spatial_forcing_fullset1_solve_equation_s0_20260923T150915Z,solve_equation,Open,standard,complete,0.0,False,300,,,Sim6,False
spatial_forcing_fullset1_stack_blocks_by_language_s0_20260923T152845Z,stack_blocks_by_language,Open,standard,complete,0.0,False,400,,,Sim6,False
spatial_forcing_fullset1_store_tools_in_toolbox_s0_20260923T155322Z,store_tools_in_toolbox,Open,standard,complete,0.0,False,900,,,Sim6,False
spatial_forcing_fullset1_build_tower_s0_20260923T065041Z,build_tower,Precision,standard,complete,0.0,False,1050,,,Sim6,False
spatial_forcing_sim51_backfill_deposit_coin_s0_20260928T121327Z,deposit_coin,Precision,standard,complete,0.0,False,300,,,Sim5.1,False
spatial_forcing_fullset1_fasten_screws_s0_20260923T110406Z,fasten_screws,Precision,standard,complete,0.0,False,1900,,,Sim6,False
spatial_forcing_fullset1_insert_key_s0_20260923T114431Z,insert_key,Precision,standard,complete,15.0,False,300,,,Sim6,False
spatial_forcing_fullset1_insert_tubes_s0_20260923T114719Z,insert_tubes,Precision,standard,complete,100.0,True,307,,,Sim6,False
spatial_forcing_fullset1_play_Xylophone_s0_20260923T123935Z,play_Xylophone,Precision,standard,complete,0.0,False,500,,,Sim6,False
spatial_forcing_sim51_backfill_plug_in_charger_s0_20260928T125146Z,plug_in_charger,Precision,standard,complete,0.0,False,400,,,Sim5.1,False
spatial_forcing_fullset1_pour_balls_into_vase_s0_20260923T144431Z,pour_balls_into_vase,Precision,standard,complete,0.0,False,600,,,Sim6,False
